<application>
  <component name="DefaultFont">
    <option name="FONT_FAMILY" value="Fira Code" />
    <option name="USE_LIGATURES" value="true" />
  </component>
  <component name="EditorSettings">
    <option name="USE_SOFT_WRAPS" value="" />
    <option name="STRIP_TRAILING_SPACES" value="Whole" />
    <option name="IS_ENSURE_NEWLINE_AT_EOF" value="true" />
    <option name="SHOW_INTENTION_BULB" value="false" />
    <option name="ARE_GUTTER_ICONS_SHOWN" value="false" />
    <option name="SHOW_BREADCRUMBS" value="false" />
    <option name="SHOW_PARAMETER_NAME_HINTS" value="false" />
  </component>
  <component name="InspectionProfileManager">
    <info color="8c8c00">
      <option name="FOREGROUND" value="ffffff" />
      <option name="BACKGROUND" value="52503a" />
      <option name="FONT_TYPE" value="1" />
      <option name="EFFECT_COLOR" value="ec1f25" />
      <option name="ERROR_STRIPE_COLOR" value="8c8c00" />
      <option name="EFFECT_TYPE" value="4" />
      <option name="myName" value="PHPCS" />
      <option name="myVal" value="50" />
      <option name="myExternalName" value="PHPCS" />
    </info>
    <list size="8">
      <item index="0" class="java.lang.String" itemvalue="PHPCS" />
      <item index="1" class="java.lang.String" itemvalue="INFORMATION" />
      <item index="2" class="java.lang.String" itemvalue="TYPO" />
      <item index="3" class="java.lang.String" itemvalue="SERVER PROBLEM" />
      <item index="4" class="java.lang.String" itemvalue="WEAK WARNING" />
      <item index="5" class="java.lang.String" itemvalue="INFO" />
      <item index="6" class="java.lang.String" itemvalue="WARNING" />
      <item index="7" class="java.lang.String" itemvalue="ERROR" />
    </list>
  </component>
</application>