<application>
  <component name="FileTypeManager" version="18">
    <ignoreFiles list="*.pyc;*.pyo;*.rbc;*~;.DS_Store;.git;.hg;.svn;CVS;RCS;SCCS;__pycache__;_svn;rcs" />
    <extensionMap>
      <mapping pattern=".php4" type="PHP" />
      <mapping pattern=".php" type="PHP" />
      <mapping ext="stub" type="PHP" />
      <mapping pattern="temp_storystatus" type="PLAIN_TEXT" />
      <mapping pattern="temp_storystatus.blade.php" type="PLAIN_TEXT" />
      <mapping ext="csv" type="PLAIN_TEXT" />
      <removed_mapping ext="csv" approved="true" type="CSV/TSV" />
    </extensionMap>
  </component>
</application>