<code_scheme name="DH" version="173">
  <PHPCodeStyleSettings>
    <option name="PHPDOC_BLANK_LINE_BEFORE_TAGS" value="true" />
    <option name="PHPDOC_WRAP_LONG_LINES" value="true" />
    <option name="LOWER_CASE_BOOLEAN_CONST" value="true" />
    <option name="LOWER_CASE_NULL_CONST" value="true" />
    <option name="FIELDS_DEFAULT_VISIBILITY" value="protected" />
    <option name="KEEP_RPAREN_AND_LBRACE_ON_ONE_LINE" value="true" />
    <option name="BLANK_LINES_AROUND_CONSTANTS" value="1" />
    <option name="SPACE_BEFORE_UNARY_NOT" value="true" />
    <option name="SPACE_AFTER_UNARY_NOT" value="true" />
  </PHPCodeStyleSettings>
  <XML>
    <option name="XML_LEGACY_SETTINGS_IMPORTED" value="true" />
  </XML>
  <codeStyleSettings language="PHP">
    <option name="KEEP_FIRST_COLUMN_COMMENT" value="false" />
    <option name="KEEP_BLANK_LINES_IN_DECLARATIONS" value="1" />
    <option name="KEEP_BLANK_LINES_IN_CODE" value="1" />
    <option name="KEEP_BLANK_LINES_BEFORE_RBRACE" value="1" />
    <option name="BLANK_LINES_AFTER_PACKAGE" value="1" />
    <option name="BLANK_LINES_AROUND_FIELD" value="1" />
    <option name="BLANK_LINES_AFTER_CLASS_HEADER" value="1" />
    <option name="BRACE_STYLE" value="2" />
    <option name="ELSE_ON_NEW_LINE" value="true" />
    <option name="FINALLY_ON_NEW_LINE" value="true" />
    <option name="ALIGN_MULTILINE_PARAMETERS" value="false" />
    <option name="SPACE_AFTER_TYPE_CAST" value="true" />
    <option name="CALL_PARAMETERS_WRAP" value="1" />
    <option name="METHOD_PARAMETERS_WRAP" value="5" />
    <option name="METHOD_PARAMETERS_LPAREN_ON_NEXT_LINE" value="true" />
    <option name="ARRAY_INITIALIZER_WRAP" value="5" />
    <option name="ARRAY_INITIALIZER_LBRACE_ON_NEXT_LINE" value="true" />
    <option name="ARRAY_INITIALIZER_RBRACE_ON_NEXT_LINE" value="true" />
    <option name="IF_BRACE_FORCE" value="3" />
    <option name="DOWHILE_BRACE_FORCE" value="3" />
    <option name="WHILE_BRACE_FORCE" value="3" />
    <option name="FOR_BRACE_FORCE" value="3" />
  </codeStyleSettings>
</code_scheme>