<keymap version="1" name="danny's keys" parent="Mac OS X 10.5+">
  <action id="ActivateDatabaseToolWindow">
    <keyboard-shortcut first-keystroke="meta 0" />
  </action>
  <action id="ActivateDebugToolWindow" />
  <action id="ActivateFavoritesToolWindow" />
  <action id="ActivateMessagesToolWindow" />
  <action id="ActivateNotesToolWindow">
    <keyboard-shortcut first-keystroke="meta 8" />
  </action>
  <action id="ActivateRESTClientToolWindow">
    <keyboard-shortcut first-keystroke="meta 2" />
  </action>
  <action id="ActivateRunToolWindow" />
  <action id="ActivateTerminalToolWindow">
    <keyboard-shortcut first-keystroke="meta 3" />
  </action>
  <action id="ActivityTracker-Popup">
    <keyboard-shortcut first-keystroke="shift ctrl alt o" />
  </action>
  <action id="CloseProject">
    <keyboard-shortcut first-keystroke="shift meta w" />
  </action>
  <action id="CodeCleanup">
    <keyboard-shortcut first-keystroke="shift meta l" />
  </action>
  <action id="Console.Transaction.Commit">
    <keyboard-shortcut first-keystroke="ctrl meta alt c" />
  </action>
  <action id="Debug" />
  <action id="DuplicatesForm.SendToRight" />
  <action id="FileChooser.GotoProject" />
  <action id="FileChooser.TogglePathShowing" />
  <action id="FileStructurePopup">
    <keyboard-shortcut first-keystroke="meta r" />
  </action>
  <action id="GotoAction">
    <keyboard-shortcut first-keystroke="shift meta p" />
  </action>
  <action id="GotoFile">
    <keyboard-shortcut first-keystroke="meta p" />
  </action>
  <action id="GotoTest" />
  <action id="Images.ShowThumbnails" />
  <action id="InspectCode">
    <keyboard-shortcut first-keystroke="shift meta i" />
  </action>
  <action id="ManageRecentProjects">
    <keyboard-shortcut first-keystroke="shift meta r" />
  </action>
  <action id="OpenDirectoryProject">
    <keyboard-shortcut first-keystroke="shift meta o" />
  </action>
  <action id="ParameterInfo" />
  <action id="Refresh" />
  <action id="Replace" />
  <action id="ReplaceInPath">
    <keyboard-shortcut first-keystroke="shift meta t" />
  </action>
  <action id="Rerun" />
  <action id="SplitHorizontally">
    <keyboard-shortcut first-keystroke="ctrl h" />
  </action>
  <action id="SplitVertically">
    <keyboard-shortcut first-keystroke="ctrl v" />
  </action>
  <action id="SwitchApply">
    <keyboard-shortcut first-keystroke="ctrl alt enter" />
  </action>
  <action id="SwitchDown">
    <keyboard-shortcut first-keystroke="ctrl alt down" />
  </action>
  <action id="SwitchLeft">
    <keyboard-shortcut first-keystroke="ctrl alt left" />
  </action>
  <action id="SwitchRight">
    <keyboard-shortcut first-keystroke="ctrl alt right" />
  </action>
  <action id="SwitchUp">
    <keyboard-shortcut first-keystroke="ctrl alt up" />
  </action>
  <action id="ToggleDistractionFreeMode">
    <keyboard-shortcut first-keystroke="ctrl d" />
  </action>
  <action id="TypeHierarchy" />
  <action id="Vcs.QuickListPopupAction" />
  <action id="WrapTagAction">
    <keyboard-shortcut first-keystroke="shift meta j" />
  </action>
</keymap>